,concentration_mol/m^3,surften_N/m,SDVsurften_N/m
0,0.08936,0.065137,0.00017011368747595694
1,0.10723200000000001,0.065176,0.00021339165869358785
2,0.12063600000000001,0.06439866666666667,0.0002281320280500357
3,0.17872,0.05884966666666667,0.00015391411746670927
4,0.2234,0.05733666666666667,0.00013879801471522758
5,0.26808,0.05377333333333333,9.335356923486646e-05
6,0.35744,0.05046066666666667,0.00018819375358626746
7,0.4468,0.04531166666666667,0.0001349427862301475
8,0.53616,0.04354833333333334,0.00012242367236591008
9,0.62552,0.042209666666666666,5.309948733797272e-05
10,0.71488,0.040534,7.006187741323081e-05
11,0.8042400000000001,0.03832633333333334,7.386624548616442e-05
12,0.8936,0.037143999999999996,6.84251415782266e-05
13,1.0276399999999999,0.03562666666666667,0.00019158693993995548
14,1.16168,0.036243333333333336,0.00042101491132209845
15,1.3403999999999998,0.03616766666666667,0.00019973704936462848
16,1.7872,0.036224333333333344,3.44125300177455e-05
17,2.6807999999999996,0.035943333333333334,2.5746628689769505e-05
18,3.5744,0.03595333333333333,0.0005808581773739805
