,concentration_mol/m^3,surften_N/m,SDVsurften_N/m
0,0.002,0.058714666666666665,0.00010297356726634074
1,0.004,0.05477666666666667,0.0003477176376825805
2,0.006,0.05181733333333333,0.00027299613346875386
3,0.008,0.049967333333333336,0.0001297852927808943
4,0.01,0.04811533333333333,0.0004038038577769624
5,0.013500000000000002,0.045361666666666675,0.000270673645230232
6,0.0165,0.044315,0.0002252243326108435
7,0.02,0.04239333333333333,0.0003530631042116344
8,0.025,0.04107566666666666,0.00039913768161987587
9,0.03,0.03924233333333334,5.7656068390258224e-05
10,0.04,0.03705733333333334,0.00033900278596036366
11,0.05,0.034998666666666664,0.00045602071103063716
12,0.06,0.034110999999999995,0.000322280416200963
13,0.07,0.03378866666666666,0.00027105513994183674
14,0.08,0.03343533333333334,7.10414589439783e-05
15,0.1,0.03307366666666667,0.0002323565268193589
16,0.15,0.03307366666666667,0.0002323565268193589
17,0.2,0.031937,0.00012523843925355577
18,0.25,0.03159033333333333,0.00011397173138789964
19,0.52,0.03132066666666667,5.684090858605987e-05
